sourcePoints,total-time (ms),mem-to-gpu-time (ms),kernel-time (ms),slit-height,obs-points,bytes-ram-used-at-end,bytes-transferred-total-gpu-to-cpu (DtoH),bytes-transferred-total-cpu-to-to-gpu (HtoD)
100,511814.968750,21.057024,511782.250000,50,150,599099322,14955971.9,52340571.9
1200,77369856.000000,153.776611,77369608.000000,50,150,6360155442,179446371.9,628056971.9
1600,133831320.000000,195.621017,133831016.000000,50,150,8429974171,239260371.9,837406971.9
200,2107736.250000,37.114113,2107680.750000,50,150,1121923546,29909971.9,104679771.9
300,4755410.500000,44.743614,4755342.500000,50,150,1643727763,44862371.9,157012971.9
400,8443655.000000,54.972286,8443570.000000,50,150,2162176060,59817371.9,209354971.9
600,18966874.000000,81.915810,18966742.000000,50,150,3223384681,89723371.9,314026971.9
800,34473432.000000,105.594337,34473264.000000,50,150,4260961545,119630371.9,418700971.9
