sourcePoints,total-time (ms),mem-to-gpu-time (ms),kernel-time (ms),slit-height,obs-points,bytes-transferred-total-DtoH,bytes-transferred-total-HtoD
100,521981.687500,51.843487,521917.218750,50,150,14955971.9,52340571.9
200,2145652.750000,81.098686,2145553.750000,50,150,29909971.9,104679771.9
300,4741055.000000,66.009949,4740964.000000,50,150,44862371.9,157012971.9
400,8605256.000000,71.732254,8605153.000000,50,150,59817371.9,209354971.9
