sourcePoints,total-time (ms),mem-to-gpu-time (ms),kernel-time (ms),slit-height,num-of-slits,obs-points,bytes-ram-used-at-end,bytes-transferred-total-gpu-to-cpu (DtoH),bytes-transferred-total-cpu-to-to-gpu (HtoD)
100,511814.96875,21.057024,511782.25,50,200,150,599099322,14955971.9,52340571.9
1200,77369856,153.776611,77369608,50,200,150,6360155442,179446371.9,628056971.9
1600,133831320,195.621017,133831016,50,200,150,8429974171,239260371.9,837406971.9
200,2107736.25,37.114113,2107680.75,50,200,150,1121923546,29909971.9,104679771.9
300,4755410.5,44.743614,4755342.5,50,200,150,1643727763,44862371.9,157012971.9
400,8443655,54.972286,8443570,50,200,150,2162176060,59817371.9,209354971.9
600,18966874,81.91581,18966742,50,200,150,3223384681,89723371.9,314026971.9
800,34473432,105.594337,34473264,50,200,150,4260961545,119630371.9,418700971.9
